product_card_id,product_name,total_revenue,total_unit_sold,cumulative_revenue,cumulative_revenue_pct,abc_class,xyz_class,cv,abc_xyz_group,inventory_policy
1004,Field & Stream Sportsman 16 Gun Fire Safe,6929653.5,17325,6929653.5,18.838394866742757,A,X,0.35311307138387743,XA,standard policy
365,Perfect Fitness Perfect Rip Deck,4421143.02,73698,11350796.52,30.857356272692353,A,X,0.35189254074651066,XA,standard policy
957,Diamondback Women's Serene Classic Comfort Bi,4118425.4200000004,13729,15469221.94,42.05337412426183,A,X,0.35263542248681595,XA,standard policy
191,Nike Men's Free 5.0+ Running Shoe,3667633.1999999997,36680,19136855.14,52.02390475006805,A,X,0.3577909306184121,XA,standard policy
502,Nike Men's Dri-FIT Victory Golf Polo,3147800.0,62956,22284655.14,60.58125893257268,A,X,0.35370473423941806,XA,standard policy
1073,Pelican Sunstream 100 Kayak,3099845.0,15500,25384500.14,69.00824653530032,A,X,0.35301753733011615,XA,standard policy
403,Nike Men's CJ Elite 2 TD Football Cleat,2891757.54,22246,28276257.68,76.86954441944425,A,X,0.3523322520653997,XA,standard policy
1014,O'Brien Men's Neoprene Life Vest,2888993.94,57803,31165251.62,84.72332940441457,B,X,0.35497506791335043,XB,standard policy
627,Under Armour Girls' Toddler Spine Surge Runni,1269082.65,31735,32434334.27,88.17335473096693,B,X,0.35734922799959856,XB,standard policy
1351,Dell Laptop,663000.0,442,33097334.27,89.97573284361722,B,Z,4.9461583329093,ZB,standard policy
1349,Web Camera,267607.68,592,33364941.95,90.70322941256009,B,Z,5.905818252885125,ZB,standard policy
1355,Lawn mower,257768.72000000003,484,33622710.67,91.40397858157047,B,Z,4.990665877037601,ZB,standard policy
1350,Children's heaters,232829.2,652,33855539.870000005,92.03692919102127,B,Z,4.985893665814228,ZB,standard policy
1353,Porcelain crafts,223356.32,484,34078896.190000005,92.64412759598373,B,Z,4.24563258013569,ZB,standard policy
1363,Summer dresses,140283.0,650,34219179.190000005,93.02548960017216,B,Z,4.30020558198527,ZB,standard policy
1360,Smart watch ,117006.75,357,34336185.940000005,93.34357467593738,B,Z,4.319238012763388,ZB,standard policy
1358,Rock music,113122.09999999999,434,34449308.04000001,93.65109925677756,B,Z,4.487525802647755,ZB,standard policy
1352,Industrial consumer electronics,108991.28,431,34558299.32000001,93.94739412486466,B,Z,3.902452118257795,ZB,standard policy
1356,First aid kit,106080.48000000001,362,34664379.800000004,94.23577592777782,B,Z,4.46525649455919,ZB,standard policy
1354,DVDs ,79395.54,483,34743775.34,94.45161421365724,B,Z,4.782485680437784,ZB,standard policy
565,adidas Youth Germany Black/Red Away Match Soc,67830.0,969,34811605.34,94.63601135902837,B,Y,0.6577280906639561,YB,standard policy
728,LIJA Women's Eyelet Sleeveless Golf Polo,61490.0,946,34873095.34,94.80317309378987,B,Y,0.685765895758967,YB,standard policy
44,adidas Men's F10 Messi TRX FG Soccer Cleat,56330.61,939,34929425.95,94.95630892868616,B,Y,0.6869848845103182,YB,standard policy
823,Titleist Pro V1x High Numbers Personalized Go,47206.92,908,34976632.870000005,95.08464183875198,C,Y,0.7307455685621108,YC,standard policy
249,Under Armour Women's Micro G Skulpt Running S,46559.590000000004,847,35023192.46000001,95.21121496989824,C,Y,0.6974785542106451,YC,standard policy
116,Nike Men's Comfort 2 Slide,44585.09,991,35067777.55000001,95.3324203852324,C,Y,0.6605496194716255,YC,standard policy
821,Titleist Pro V1 High Numbers Personalized Gol,44243.49,851,35112021.040000014,95.4526971544681,C,Y,0.6927020780047406,YC,standard policy
1357,Men's gala suit,43856.799999999996,208,35155877.84000001,95.57192269958253,C,Z,5.230122199683229,ZC,standard policy
1359,Adult dog supplies,41524.8,492,35197402.64000001,95.68480865833394,C,Z,3.6383603485472857,ZC,standard policy
818,Titleist Pro V1x Golf Balls,41415.37,863,35238818.010000005,95.79739712954859,C,Y,0.6734381345597623,YC,standard policy
822,Titleist Pro V1x High Numbers Golf Balls,38392.0,800,35277210.010000005,95.90176651190284,C,Y,0.6689262488412973,YC,standard policy
278,Under Armour Men's Compression EV SL Slide,36576.87,813,35313786.88,96.00120142882176,C,Y,0.6927368414041802,YC,standard policy
572,TYR Boys' Team Digi Jammer,35191.2,880,35348978.080000006,96.09686937548526,C,Y,0.7113386758618284,YC,standard policy
771,Clicgear Rovic Cooler Bag,34671.33,867,35383649.410000004,96.19112404566395,C,Y,0.7070946566258954,YC,standard policy
1362,Fighting video games,33310.5,838,35416959.910000004,96.28167927359976,C,Z,4.683709519281429,ZC,standard policy
208,SOLE E35 Elliptical,29999.85,15,35446959.760000005,96.36323443653006,C,Z,4.329742101634538,ZC,standard policy
977,ENO Atlas Hammock Straps,29930.019999999997,998,35476889.78000001,96.44459976527696,C,Y,0.6697040374335561,YC,standard policy
835,Bridgestone e6 Straight Distance NFL Carolina,29686.719999999998,928,35506576.50000001,96.5253036783454,C,Y,0.7115164084727963,YC,standard policy
235,Under Armour Hustle Storm Medium Duffle Bag,29601.54,846,35536178.04000001,96.6057760279634,C,Y,0.7216063308111789,YC,standard policy
276,Under Armour Women's Ignite Slide,29398.809999999998,919,35565576.85000001,96.68569725221977,C,Y,0.7695694492824,YC,standard policy
828,Bridgestone e6 Straight Distance NFL San Dieg,28982.94,906,35594559.79000001,96.76448792596977,C,Y,0.6574943592640395,YC,standard policy
642,Columbia Men's PFG Anchor Tough T-Shirt,27840.0,928,35622399.79000001,96.84017149558694,C,Y,0.7023341648117355,YC,standard policy
37,adidas Kids' F5 Messi FG Soccer Cleat,27327.19,781,35649726.980000004,96.9144609814636,C,Y,0.7544397168269685,YC,standard policy
564,Nike Men's Deutschland Weltmeister Winners Bl,27210.0,907,35676936.980000004,96.98843188409592,C,Y,0.7241221116196612,YC,standard policy
172,Nike Women's Tempo Shorts,27210.0,907,35704146.980000004,97.06240278672821,C,Y,0.7206666523896306,YC,standard policy
282,Under Armour Women's Ignite PIP VI Slide,27127.519999999997,848,35731274.50000001,97.13614946591146,C,Y,0.6965493654274009,YC,standard policy
825,Bridgestone e6 Straight Distance NFL Tennesse,25751.949999999997,805,35757026.45000001,97.20615663188138,C,Y,0.7218251244398923,YC,standard policy
885,Team Golf St. Louis Cardinals Putter Grip,23940.42,958,35780966.87000001,97.2712391190845,C,Y,0.6899804830257544,YC,standard policy
906,Team Golf Tennessee Volunteers Putter Grip,22865.85,915,35803832.72000001,97.3334003673004,C,Y,0.6809689422698343,YC,standard policy
724,LIJA Women's Mid-Length Panel Golf Shorts,22700.0,227,35826532.72000001,97.39511074913625,C,Z,2.635840910647264,ZC,standard policy
905,Team Golf Texas Longhorns Putter Grip,22366.05,895,35848898.77000001,97.45591328154416,C,Y,0.6573370574643443,YC,standard policy
273,Under Armour Kids' Mercenary Slide,22252.05,795,35871150.82000001,97.51640590278335,C,Y,0.6988558826206059,YC,standard policy
893,Team Golf Pittsburgh Steelers Putter Grip,22166.13,887,35893316.95000001,97.57666494886806,C,Y,0.6863754394369046,YC,standard policy
886,Team Golf San Francisco Giants Putter Grip,21766.29,871,35915083.24000001,97.63583702230638,C,Y,0.697340366623614,YC,standard policy
567,adidas Men's Germany Black Crest Away Tee,21475.0,859,35936558.24000001,97.6942172183383,C,Y,0.6926148554714415,YC,standard policy
778,Bag Boy Beverage Holder,21116.55,845,35957674.79000001,97.7516229612262,C,Y,0.6750799609225484,YC,standard policy
93,Under Armour Men's Tech II T-Shirt,20866.649999999998,835,35978541.440000005,97.80834934621011,C,Y,0.6943326008237629,YC,standard policy
646,Merrell Women's Grassbow Sport Hiking Shoe,20697.93,207,35999239.370000005,97.86461706266437,C,Z,2.5842292666883426,ZC,standard policy
359,Nike Men's Free TR 5.0 TB Training Shoe,20597.94,206,36019837.31,97.92061295440143,C,Z,2.7036510797023054,ZC,standard policy
897,Team Golf New England Patriots Putter Grip,20566.77,823,36040404.080000006,97.97652410990055,C,Y,0.7650410336531982,YC,standard policy
917,Glove It Women's Mod Oval 3-Zip Carry All Gol,20450.7,930,36060854.78000001,98.03211972689661,C,Y,0.72831461843436,YC,standard policy
134,Nike Women's Legend V-Neck T-Shirt,20025.0,801,36080879.78000001,98.0865580703443,C,Y,0.7058685314695099,YC,standard policy
258,Nike Women's Free 5.0 TR FIT PRT 4 Training S,19567.94,206,36100447.720000006,98.13975388748706,C,Z,2.5431035583035335,ZC,standard policy
135,Nike Dri-FIT Crew Sock 6 Pack,19426.0,883,36119873.720000006,98.19256383803962,C,Y,0.7189660327760109,YC,standard policy
677,TaylorMade White Smoke IN-12 Putter,19298.07,193,36139171.79000001,98.24502600845348,C,Z,2.664519771683602,ZC,standard policy
607,Garmin Approach S3 Golf GPS Watch,19249.23,77,36158421.02,98.29735540639822,C,Z,2.7120357017092234,ZC,standard policy
251,Brooks Women's Ghost 6 Running Shoe,19077.88,212,36177498.900000006,98.34921898610828,C,Z,2.545378475628657,ZC,standard policy
804,Glove It Women's Imperial Golf Glove,18810.59,941,36196309.49000001,98.40035593286855,C,Y,0.7049329626646118,YC,standard policy
295,Fitbit The One Wireless Activity & Sleep Trac,18690.65,187,36215000.14000001,98.45116682045708,C,Z,2.554776727840915,ZC,standard policy
78,Nike Kids' Grade School KD VI Basketball Shoe,18598.14,186,36233598.28000001,98.50172621785076,C,Z,2.554583280337551,ZC,standard policy
24,Elevation Training Mask 2.0,18477.69,231,36252075.970000006,98.55195816962802,C,Z,2.711510103754591,ZC,standard policy
981,The North Face Women's Recon Backpack,17919.0,181,36269994.970000006,98.60067131201201,C,Z,2.5748359149816045,ZC,standard policy
703,Top Flite Women's 2014 XL Hybrid,17731.13,887,36287726.10000001,98.64887372622704,C,Y,0.6691169820101448,YC,standard policy
306,Polar FT4 Heart Rate Monitor,17638.04,196,36305364.14000001,98.69682307350615,C,Z,2.779720675055236,ZC,standard policy
777,Bag Boy M330 Push Cart,16637.92,208,36322002.06000001,98.74205357553937,C,Z,2.7717899332690408,ZC,standard policy
810,Glove It Women's Mod Oval Golf Glove,16031.98,802,36338034.04000001,98.78563681815542,C,Y,0.7109874067128485,YC,standard policy
797,Hirzl Women's Soffft Flex Golf Glove,15993.109999999999,889,36354027.150000006,98.82911439193704,C,Y,0.7244373465801388,YC,standard policy
730,LIJA Women's Argyle Golf Polo,15600.0,195,36369627.150000006,98.87152328870528,C,Z,2.678772379745642,ZC,standard policy
926,Glove It Imperial Golf Towel,14870.7,930,36384497.85000001,98.91194956954962,C,Y,0.7131859076155697,YC,standard policy
924,Glove It Urban Brick Golf Towel,14151.15,885,36398649.00000001,98.9504197400305,C,Y,0.7166787352801439,YC,standard policy
303,Garmin Forerunner 910XT GPS Watch,13999.65,35,36412648.650000006,98.98847805487931,C,Z,6.082762530298219,ZC,standard policy
1059,Pelican Maverick 100X Kayak,13999.6,40,36426648.25000001,99.02653623380218,C,Z,6.0827625302982185,ZC,standard policy
671,Cleveland Golf Collegiate My Custom Wedge 588,13649.35,65,36440297.60000001,99.06364225143703,C,Z,2.6442027193539435,ZC,standard policy
773,Titleist Small Wheeled Travel Cover,13499.460000000001,54,36453797.06000001,99.10034079025543,C,Z,2.612077718526152,ZC,standard policy
305,Mio ALPHA Heart Rate Monitor/Sport Watch,13333.0,67,36467130.06000001,99.13658680439717,C,Z,2.592968292751318,ZC,standard policy
793,Hirzl Women's Hybrid Golf Glove,13311.12,888,36480441.18000001,99.17277333734265,C,Y,0.7326306608279408,YC,standard policy
792,Hirzl Men's Hybrid Golf Glove,12951.36,864,36493392.54000001,99.20798185588421,C,Y,0.6765974985716029,YC,standard policy
203,GoPro HERO3+ Black Edition Camera,12799.68,32,36506192.220000006,99.24277802946027,C,Z,6.082762530298219,ZC,standard policy
625,Nike Men's Kobe IX Elite Low Basketball Shoe,12599.37,63,36518791.59,99.2770296564907,C,Z,2.7990768213398987,ZC,standard policy
1346,Sports Books ,12587.4,405,36531378.99,99.31124874284842,C,Z,4.811134536621847,ZC,standard policy
1347,Baby sweater,12229.56,207,36543608.550000004,99.34449503435874,C,Z,4.336656494156585,ZC,standard policy
216,Yakima DoubleDown Ace Hitch Mount 4-Bike Rack,12096.0,64,36555704.550000004,99.37737824046829,C,Z,2.7579809418971797,ZC,standard policy
858,GolfBuddy VT3 GPS Watch,11799.41,59,36567503.96,99.40945516102059,C,Z,2.6044493047809536,ZC,standard policy
786,TaylorMade 2014 Purelite Stand Bag,11699.35,65,36579203.31,99.44126006655941,C,Z,2.6099415456662762,ZC,standard policy
691,MDGolf Pittsburgh Penguins Putter,11598.55,145,36590801.86,99.47279094538064,C,Z,2.992390490152353,ZC,standard policy
845,Garmin Approach S4 Golf GPS Watch,10799.64,36,36601601.5,99.50214997216872,C,Z,6.082762530298218,ZC,standard policy
364,Total Gym 1400,10799.64,36,36612401.14,99.53150899895682,C,Z,6.082762530298218,ZC,standard policy
35,adidas Brazuca 2014 Official Match Ball,10399.35,65,36622800.49,99.55977982976495,C,Z,2.50434730500047,ZC,standard policy
743,Ogio Race Golf Shoes,10369.390000000001,61,36633169.88,99.58796921374314,C,Z,2.7877315761955845,ZC,standard policy
768,Titleist Club Glove Travel Cover,10199.66,34,36643369.54,99.61569718348743,C,Z,6.08276253029822,ZC,standard policy
60,SOLE E25 Elliptical,9999.9,10,36653369.44,99.64288210187158,C,Z,4.983082490899695,ZC,standard policy
647,Merrell Women's Siren Mid Waterproof Hiking B,9449.300000000001,70,36662818.739999995,99.66857020368131,C,Z,2.82944511118138,ZC,standard policy
666,Merrell Men's All Out Flash Trail Running Sho,9349.15,85,36672167.88999999,99.69398604581086,C,Z,2.627566576327505,ZC,standard policy
982,insta-bed Neverflat Air Mattress,8999.400000000001,60,36681167.28999999,99.71845108591188,C,Z,2.7011257369684922,ZC,standard policy
127,Stiga Master Series ST3100 Competition Indoor,8909.73,27,36690077.01999999,99.74267235641207,C,Z,6.082762530298219,ZC,standard policy
775,Clicgear 8.0 Shoe Brush,8871.12,888,36698948.139999986,99.76678866489273,C,Y,0.6809097717641821,YC,standard policy
715,TaylorMade Women's RBZ SL Rescue,8839.32,68,36707787.459999986,99.79081852446848,C,Z,2.8171586113124354,ZC,standard policy
58,Diamondback Boys' Insight 24 Performance Hybr,8699.710000000001,29,36716487.16999999,99.81446885160332,C,Z,6.082762530298219,ZC,standard policy
61,Diamondback Girls' Clarity 24 Hybrid Bike 201,8399.720000000001,28,36724886.889999986,99.83730365021628,C,Z,6.08276253029822,ZC,standard policy
705,Cleveland Golf Women's 588 RTX CB Satin Chrom,8399.3,70,36733286.18999998,99.86013730705125,C,Z,2.561690113153358,ZC,standard policy
725,LIJA Women's Button Golf Dress,8208.0,76,36741494.18999998,99.882450911197,C,Z,2.6140442864550266,ZC,standard policy
19,Nike Men's Fingertrap Max Training Shoe,7999.36,64,36749493.54999998,99.90419732353367,C,Z,2.658567208233496,ZC,standard policy
652,Merrell Women's Grassbow Sport Waterproof Hik,7539.42,58,36757032.969999984,99.92469338023061,C,Z,2.6878217299518923,ZC,standard policy
860,Bushnell Pro X7 Jolt Slope Rangefinder,6599.89,11,36763632.859999985,99.94263530674931,C,Z,4.404584805570012,ZC,standard policy
1361,Toys ,6104.66,529,36769737.51999998,99.95923094109195,C,Z,4.245239002729547,ZC,standard policy
226,Bowflex SelectTech 1090 Dumbbells,5999.9,10,36775737.41999998,99.97554178338167,C,Z,4.58566607302945,ZC,standard policy
311,Polar Loop Activity Tracker,5937.3,54,36781674.71999998,99.99168244638051,C,Z,2.520609305232275,ZC,standard policy
1348,CDs of rock,3059.5899999999997,271,36784734.30999998,99.99999999999996,C,Z,4.241766567819717,ZC,standard policy
